title,class1,class2,class3,itemkey,subkey,body,author,receiver,year,create_date,type,quantity,state,place,remarks,image,pdf
臨床的な問題,服薬中,,,1,,"　服薬内容がいわゆる栄養剤、ビタミン剤等市販の保健薬であり、骨髄採取時に服薬中止(1ヵ月前の中止が望ましいが、使用したい場合には、1 週間前までに中止)が可能なものは可
　■対象薬物
　①ビタミン剤 ただし、ビタミン薬による貧血治療中は除く
　②ミネラル剤 鉄剤による貧血治療中は除く
　③漢方薬 服薬目的(肝疾患、感冒、喘息治療など)に注意
　④胃腸薬 感冒性下痢症状がある場合
　⑤局所投与の薬物（点鼻、点眼、外用）",,,,,A,,A,,,,
臨床的な問題,服薬中,,,2,,　海外から、個人輸入した薬剤・サプリメントを服薬している場合は不可,,,,,C,,C,,,,
臨床的な問題,服薬中,,,3,,"　以下、育毛医薬品(錠剤)を服用されている場合、服薬終了後一定期間は不可
　・AVODART(アボダート) 終了後 6ヵ月間
　・PROPECIA(プロペシア) 終了後 1ヵ月間
　・PROSCAR(プロスカー) 終了後 1ヵ月間",,,,,C,,C,,,,
臨床的な問題,服薬中,,,4,,　男性ホルモン投与歴は不可,,,,,D,,D,,,,
臨床的な問題,服薬中,,,5,,　骨髄採取時、医師が必要と判断した麻酔薬(麻酔前投薬)を含む各種薬剤(鉄剤等)の使用は可,,,,,A,,A,,,,
臨床的な問題,服薬中、疾患検査中、疾患治療中,,,6,,"　治療、服薬を必要とする状態が一過性のもので、かつ今後の治療の見通しが明らかに短期間のうちに治癒すると思われるものは可
　(医師の判断による治療終了を確認しコーディネートを進行させること)
　(※本人の判断での服薬中止は不可)",,,,,A,,A,,,,
臨床的な問題,服薬中、疾患検査中、疾患治療中,,,7,,　治療の見通しが明らかな場合は、その期間を確認したうえで対応を協議する,,,,,B,,B,,,,
臨床的な問題,服薬中、疾患検査中、疾患治療中,,,8,,　疾患検査中もしくは健康診断等で要検査等(精査・検査・経過観察中含む)の指示がある場合は、要検討,,,,,B,,B,,,,
臨床的な問題,服薬中、疾患検査中、疾患治療中,,,9,,"　治療を要する疾患がある場合は不可
　(※角膜移植待機中など現在治療を要しない場合であっても、待機中もしくは治療予定の場合も含む)",,,,,C,,C,,,,
臨床的な問題,服薬中、疾患検査中、疾患治療中,,,10,,　病名が判明し、治癒が証明できないものは不可,,,,,C,,C,,,,
臨床的な問題,服薬中、疾患検査中、疾患治療中,,,11,,　リハビリ中は治療中とみなし不可,,,,,C,,C,,,,
臨床的な問題,服薬中、疾患検査中、疾患治療中,,,12,,"　身体に何らかの障害がある場合(未治療含む)は、提供後にもともとの障害が悪化することや二次障害等が進展する可能性も視野に入れ慎重な対応を行う。その場合、必要に応じて専門医からの診断書を提出の上、採取担当医師および地区代表協力医師により慎重に協議し、適格性を判定する。
　なお、ドナーの方と十分なコミュニケーションが取れない場合においては、更に慎重な対応が必要である。",,,,,D,,D,,,,
臨床的な問題,血管確保,,,13,,　BMHは、上肢で自己血採血ができる程度の血管が確保できること。,,,,,B,,,,,,
臨床的な問題,血管確保,,,14,,　PBSCHは、両上肢(正中静脈等)で体外循環が可能なある程度太い血管が確保できない場合は不可 ,,,,,,,D,,,,
臨床的な問題,血管確保,,,15,,　DLI(ドナーリンパ球輸注療法)ドナーにおいては、確認検査時に、両上肢(正中静脈等)で体外循環が可能なある程度太い血管が確保できないため PBSCT は不適格と判定された場合であっても、DLI 採取施設にて血管確保についてあらためて判定すること。,,,,,【ＤＬＩ】Ｂ,,【ＤＬＩ】Ｂ,,,,
臨床的な問題,血管迷走神経反射,,,16,,"　以下、血管迷走神経反射(VVR)判定基準において判断
　　ⅰ)必須症状・所見がなければ VVR とはいわない。
　　ⅱ)Ⅱ度では意識喪失の症状を認めることを必須とする。",,,,,,,,,,,
臨床的な問題,血管迷走神経反射,,,17,,"　以下、血管迷走神経反射(VVR)判定基準において判断
　　ⅰ)必須症状・所見がなければ VVR とはいわない。
　　ⅱ)Ⅱ度では意識喪失の症状を認めることを必須とする。","　Ⅰ度
　必須症状・所見 ： 血圧低下，徐脈(>40/分)
　他の症状 ： 顔面蒼白，冷汗悪心などの症状を伴うもの",,,,B,,B,,,,
臨床的な問題,血管迷走神経反射,,,18,,"　以下、血管迷走神経反射(VVR)判定基準において判断
　　ⅰ)必須症状・所見がなければ VVR とはいわない。
　　ⅱ)Ⅱ度では意識喪失の症状を認めることを必須とする。","　Ⅱ度
　必須症状・所見 ： I 度に加えて意識喪失，徐脈(≦40／分)，血圧低下(<90PA)
　他の症状 ： 嘔吐",,,,B,,B,,,,
臨床的な問題,血管迷走神経反射,,,19,,"　以下、血管迷走神経反射(VVR)判定基準において判断
　　ⅰ)必須症状・所見がなければ VVR とはいわない。
　　ⅱ)Ⅱ度では意識喪失の症状を認めることを必須とする。","　Ⅲ度
　必須症状・所見 ： Ⅱ度に加えて痙攣、失禁",,,,D,,D,,,,
臨床的な問題,その他,,,20,,"　以下、不可(既往歴含む)
　・悪性腫瘍
　・カルチノイド
　・サルコイドーシス",,,,,D,,D,,,,
呼吸器疾患 ,呼吸機能,,,21,,"　呼吸機能 検査 以下、不可
　％VC<70％、FEV1.0％<70％",,,,,C,,C,,,,
呼吸器疾患 ,呼吸機能,,,22,,"　以下、不可(既往歴含む)
　■肺循環障害
　・肺塞栓症
　・原発性肺高血圧症
　・急性呼吸器切迫症候群",,,,,D,,D,,,,
呼吸器疾患 ,気管支喘息（咳喘息含む）,,,23,,　過去1年以内に発作、自覚症状があるなどコントロール不良な状態、又は薬物治療終了後1年以内のものは不可 　※喘息発作の定義 医療機関での診断名有り,,,,,C,,C,,,,
呼吸器疾患 ,気管支喘息（咳喘息含む）,,,24,,　1 年以内に発作がなくても、それ以前の症状によって要検討(呼吸機能検査等を確認した上で採取施設判断とする),,,,,B,,B,,,,
呼吸器疾患 ,気管支喘息（咳喘息含む）,,,25,,　ステロイド剤の内服はコントロール不良の喘息として不可,,,,,C,,C,,,,
呼吸器疾患 ,気管支喘息（咳喘息含む）,,,26,,　予防的に用いられる吸入薬(吸入ステロイド、インタール等)や抗アレルギー薬の服薬だけで発作や症状がなくても不可,,,,,C,,C,,,,
呼吸器疾患 ,異常呼吸,,,27,,　過換気症候群は、治癒後1 年を経過し、再燃がなければ可,,,,,A,,A,,,,
呼吸器疾患 ,異常呼吸,,,28,,　睡眠時無呼吸症候群(SAS)の疑いがある場合、もしくは、医療機関等で要観察となっている場合は、診断が判明するまで不可,,,,,C,,C,,,,
呼吸器疾患 ,異常呼吸,,,29,,　睡眠時無呼吸症候群(SAS)は、無呼吸-低呼吸指数が、 10回/時以上は不可,,,,,C,,C,,,,
呼吸器疾患 ,自然気胸他,,,30,,　10年以内に、気胸を起こし、胸腔穿刺や外科的処置を受けた場合は不可,,,,,C,,C,,,,
呼吸器疾患 ,自然気胸他,,,31,,　再発を繰り返している場合は、経過年数、治療法に関らず要検討,,,,,B,,B,,,,
呼吸器疾患 ,自然気胸他,,,32,,　保存的(治療等せず)に回復し、治癒後1年を経過していれば可,,,,,A,,A,,,,
呼吸器疾患 ,非定型抗酸菌症（MAC）,,,33,,　非定型抗酸菌症の指摘および経過観察中は不可(自覚症状の有無に関らず),,,,,D,,D,,,,
呼吸器疾患 ,間質性肺炎,,,34,,　間質性肺炎の既往がある場合は不可,,,,,D,,D,,,,
循環器疾患,血圧,,,35,,　高血圧(収縮期圧>150mmHg 、拡張期圧>100mmHg)は不可,,,,,C,,C,,,,
循環器疾患,血圧,,,36,,　低血圧(収縮期圧<90mmHg)は不可,,,,,C,,C,,,,
循環器疾患,血栓症,,,37,,　血栓症の既往は不可,,,,,D,,D,,,,
循環器疾患,下肢静脈瘤,,,38,,　下肢静脈瘤の既往は不可,,,,,D,,D,,,,
循環器疾患,深部静脈血栓,,,39,,　深部静脈血栓の既往は不可,,,,,D,,D,,,,
循環器疾患,先天性心疾患,,,40,,　無症状、無治療で経過し、健康診断などの心電図で異常所見を指摘されていないものは可,,,,,A,,A,,,,
循環器疾患,先天性心疾患,,,41,,"　以下の先天性疾患は、無症状、あるいは治療の必要がない場合も不可
　・心房中隔欠損症(ASD)
　・心室中隔欠損症(VSD)
　・動脈管開存症(PDA) (ボタロー管開存症)",,,,,D,,D,,,,
循環器疾患,先天性心疾患,,,42,,"　以下の先天性疾患は、無症状、あるいは治療の必要がない場合も不可
　・心房中隔欠損症(ASD)
　・心室中隔欠損症(VSD)
　・動脈管開存症(PDA) (ボタロー管開存症)",　ただし、自然閉鎖は要検討,,,,B,,B,,,,
循環器疾患,先天性心疾患,,,43,,"　以下、不可(既往歴含む)
　・心内膜床欠損症
　・大動脈縮窄症
　・完全大血管転位症
　・三尖弁閉鎖症
　・総肺静脈還流異常症
　・単室症
　・純型肺動脈閉鎖症
　・左心低形成症候群",,,,,D,,D,,,,
循環器疾患,後天性心疾患,,,44,,"　以下、不可(既往歴含む)
　・僧帽弁狭窄症(MS)
　・僧帽弁閉鎖不全症(MR)
　・非リウマチ性僧帽弁閉鎖不全症
　・僧帽弁逸脱症候群
　・大動脈弁狭窄症
   　　特発性大動脈弁下狭窄(IHSS-肥大型閉鎖心筋症)
    　　大動脈弁上狭窄
    　　大動脈弁下狭窄
　・大動脈弁閉鎖不全症(AR)
　・三尖弁狭窄症
　・三尖弁閉鎖不全症
　・連合弁膜症
   　　僧帽弁狭窄症(MS)+大動脈弁閉鎖不全症 (AR)
    　　僧帽弁閉鎖不全症(MR)+大動脈弁閉鎖不全症(AR)
    　　僧帽弁狭窄症(MS)+大動脈弁狭窄(AS)
    　　大動脈弁狭窄(AS)+僧帽弁閉鎖不全症(MR)
    　　僧帽弁疾患+三尖弁閉鎖不全(TR)",,,,,D,,D,,,,
循環器疾患,徐脈,,,45,,"　洞性徐脈の場合、心電図等で洞不全症候群(SSS)が指摘されていなければ可
術前健診時に要検討",,,,,B,,B,,,,
循環器疾患,徐脈,,,46,,　洞性徐脈の値が 心拍数 40 回 以下／分) は不可,,,,,C,,C,,,,
循環器疾患,徐脈,,,47,,　洞性徐脈の値が 心拍数 40 回 以下／分) は不可,　ただし、徐脈の原因がスポーツ心など病的でないことが明らかな場合は、要検討,,,,B,,B,,,,
循環器疾患,虚血性心疾患,,,48,,"　以下、不可(既往歴含む)
　・狭心症
　・心筋梗塞",,,,,D,,D,,,,
循環器疾患,心電図所見,,,49,,"　以下、不可(既往歴含む)
　・虚血性変化
　・房室ブロック＜A－Vブロック＞(Ⅱ度以上)
　・左脚ブロック
　・心房細動
　・右房負荷(右軸偏位、右室肥大、完全右脚ブロックなどの所見を伴うもの)
　・左房負荷(左室肥大などの所見を伴うもの)
　・右室肥大(右軸偏位、完全右脚ブロックなどを伴うもの)
　・左室肥大(左軸偏位、完全左脚ブロックなど、虚血性心筋障害を伴うもの)
　・洞不全症候群
　・人工ペーシング(ペースメーカー植え込み)
　・上室性頻拍症
　・非発作性頻拍症(房室結合型、心室性)
　・心室性期外収縮(頻発性(>10個／分)、多源性のもの、連発性)
　・心筋梗塞
　・虚血性ST低下の疑い
　・虚血性心筋障害(ST下降、T異常、U異常、異常Q)
　・発作性頻拍症",,,,,D,,D,,,,
循環器疾患,心電図所見,,,50,,　Brugada症候群と診断された場合は不可,,,,,D,,D,,,,
循環器疾患,心電図所見,,,51,,　Brugada症候群と診断された場合は不可,　ただし、心電図異常のみの場合は要検討,,,,B,,B,,,,
循環器疾患,心電図所見,,,52,,　WPW症候群 は不可,,,,,D,,D,,,,
循環器疾患,心電図所見,,,53,,　WPW症候群 は不可,"ただし、頻脈を伴わない無症状の WPW 症候群は可(麻酔科判断)
※頻脈発作を過去に1回も起こしたことがないこと",,,,B,,B,,,,
循環器疾患,心電図所見,,,54,,"　以下の波形は病的所見とは言えないので、可
　①若年者におけるV1 ,V2の逆転T波
　②ろう斗胸、扁平胸では、V1で P 波逆転、 V5, V6で R 波増高
　③幅のないsmallQ波",,,,,A,,A,,,,
循環器疾患,心電図所見,,,55,,　過去に 、健康診断の心電図所見にて指摘され、その後精密検査で異常なしと診断された場合は可,,,,,A,,A,,,,
循環器疾患,心電図所見,,,56,,"　以下、不可
　・洞性頻脈 (心拍数 100 回 以上／分)",,,,,C,,C,,,,
循環器疾患,心電図所見,,,57,,"　以下､要検討
　・洞性不整脈
　・房室ブロック    ＜A-Vブロック＞ (Ⅰ度)
　・不完全右脚ブロック
　・完全右脚ブロック(他に所見のない場合)
　・心室性期外収縮　(散発性・単発性 <30個／時)
　・上室性期外収縮
　・二相性P　　　　(他に所見のない場合)
　・右軸偏位　　　　(他に所見のない場合)
　・左軸偏位　　　　(他に所見のない場合)",,,,,B,,B,,,,
循環器疾患,心電図所見,,,58,,"　以下､要検討
　・V1におけるRSR' 型",,,,,B,,B,,,,
循環器疾患,不整脈,,,59,,　治療を要する不整脈がある場合または不整脈の既往歴(治療歴)がある場合は不可,,,,,D,,D,,,,
循環器疾患,動脈疾患,,,60,,"　以下、不可(既往歴含む)
　・閉塞性動脈硬化症
　・胸部大動脈瘤",,,,,D,,D,,,,
循環器疾患,心膜疾患,,,61,,"　以下、不可(既往歴含む)
　・心膜炎",,,,,D,,D,,,,
循環器疾患,心筋疾患,,,62,,"　以下、不可(既往歴含む)
　・心筋症
　・肥大型心筋症
　・拡張型心筋症
　・拘束型心筋症
　・不整脈原性右室心筋症",,,,,D,,D,,,,
循環器疾患,心筋疾患,,,63,,　急性ウイルス性心筋炎は、完治していれば可,,,,,A,,A,,,,
消化器疾患,潰瘍性大腸炎、クローン病,,,64,,　再燃の可能性のあるもの、自己免疫疾患によることが示唆されている疾患の既往のあるものは不可,,,,,D,,D,,,,
消化器疾患,虫垂炎,,,65,,　虫垂炎の薬物治療で、抗生物質投与後1 年経過し、再燃がなければ可,,,,,A,,A,,,,
消化器疾患,その他,,,66,,"　以下、不可(既往歴含む)
　・消化管ポリポーシス
　・家族性大腸線腫症
　・ターコット症候群
　・ポイツ-イェガース症候群
　・コーデン病",,,,,D,,D,,,,
肝・胆・膵疾患,ウイルス肝炎（A型肝炎）,,,67,,A型肝炎は、治癒後6ヵ月を経過していれば可,,,,,A,,A,,,,
肝・胆・膵疾患,ウイルス肝炎（B型肝炎）,,,68,,HBS 抗原 陽性は不可,,,,,D,,D,,,,
肝・胆・膵疾患,ウイルス肝炎（B型肝炎）,,,69,,HBワクチン接種によるHBs抗体陽性は可。 ,,,,,A,,A,,,,
肝・胆・膵疾患,ウイルス肝炎（B型肝炎）,,,70,,"B型肝炎
HBワクチン接種によるHBs抗体陽性は可。 ",それ以外は患者主治医判断,,,,B,,B,,,,
肝・胆・膵疾患,ウイルス肝炎（B型肝炎）,,,71,,"<確認検査時>HBc抗体 ： 1.0以上
(陽性)の場合",,,,,,,,,,,
肝・胆・膵疾患,ウイルス肝炎（B型肝炎）,,,72,,"B型肝炎<確認検査時>HBc抗体 ： 1.0以上
(陽性)の場合",HBs抗体価： 128倍以上は 可,,,,A,,A,,,,
肝・胆・膵疾患,ウイルス肝炎（B型肝炎）,,,73,,"B型肝炎<確認検査時>HBc抗体 ： 1.0以上
(陽性)の場合",HBs抗体価： 64倍以下、または、陰性は 不可,,,,D,,D,,,,
肝・胆・膵疾患,ウイルス肝炎（B型肝炎）,,,74,,B型肝炎<確認検査時>,確認検査時陰性で、術前健診時 HBc抗体陽性のときは、患者主治医判断,,,,B,,B,,,,
肝・胆・膵疾患,ウイルス肝炎（B型肝炎）,,,75,,"B型肝炎<確認検査時>
確認検査時陰性で、術前健診時 HBc抗体陽性のときは、患者主治医判断",ただし、患者主治医からの依頼でHBV－DNA検査等を実施し、陽性となった場合は、不可,,,,D,,D,,,,
肝・胆・膵疾患,ウイルス肝炎（C型肝炎）,,,76,,<確認検査時>,,,,,,,,,,,
肝・胆・膵疾患,ウイルス肝炎（C型肝炎）,,,77,,C型肝炎<確認検査時>,HCV 1.0以上は不可,,,,D,,D,,,,
肝・胆・膵疾患,ウイルス肝炎（C型肝炎）,,,78,,C型肝炎<確認検査時>,C型肝炎の既往は不可,,,,D,,D,,,,
肝・胆・膵疾患,ウイルス肝炎（E型肝炎）,,,79,,E型肝炎は、治癒後6ヵ月を経過していれば可,,,,,A,,A,,,,
肝・胆・膵疾患,ウイルス肝炎,,,80,,　エプスタイン・バーウイルス(EBV)、サイトメガロウイルス(CMV)による肝炎診断が確かな場合は、治癒後6ヵ月を経過していれば主治医判断,,,,,B,,B,,,,
肝・胆・膵疾患,ウイルス肝炎,,,81,,　ルポイド肝炎(自己免疫性肝炎)は不可,,,,,D,,D,,,,
肝・胆・膵疾患,ウイルス肝炎,,,82,,　ウィルス肝炎のウィンドウ期であることが否定できないものは不可,,,,,C,,C,,,,
肝・胆・膵疾患,体質性黄疸,,,83,,<術前健診時>,,,,,,,,,,,
肝・胆・膵疾患,体質性黄疸,,,84,,<術前健診時>,体質性黄疸の診断を受けており、血清ビリルビン値が施設基準値上限の2倍以内の場合は可,,,,A,,A,,,,
肝・胆・膵疾患,体質性黄疸,,,85,,<術前健診時>体質性黄疸の診断を受けており、血清ビリルビン値が施設基準値上限の2倍以内の場合は可,それ以外は、採取施設判断,,,,B,,B,,,,
肝・胆・膵疾患,胆石,,,86,,　治癒あるいは現在治療の必要性がなく症状が落ち着いている場合は可,,,,,A,,A,,,,
肝・胆・膵疾患,脾腫,,,87,,　(理学的所見)脾腫がある場合は不可,,,,,D,,D,,,,
肝・胆・膵疾患,脾腫,,,88,,　(UA所見)施設診断にて、脾腫がある場合は不可,,,,,D,,D,,,,
肝・胆・膵疾患,脾摘出,,,89,,　脾臓摘出は不可,,,,,D,,D,,,,
肝・胆・膵疾患,慢性肝炎,,,90,,　過去に専門医により慢性肝炎の診断を受けているものは不可,,,,,D,,D,,,,
肝・胆・膵疾患,脂肪肝,,,91,,　術前健診時、GOT、GPT等が施設基準値上限を超えていても上限の2倍以内で、脂肪肝であることが確認されていれば可、他肝機能を総合的に判断して可否を決定する,,,,,B,,B,,,,
肝・胆・膵疾患,薬剤性肝障害、アルコール性肝障害,,,92,,　治癒していれば可,,,,,A,,A,,,,
肝・胆・膵疾患,LDH,,,93,,<術前健診時>,,,,,,,,,,,
肝・胆・膵疾患,LDH,,,94,,<術前健診時>,施設基準値上限の 2倍以上は 不可,,,,C,,C,,,,
肝・胆・膵疾患,LDH,,,95,,<術前健診時>施設基準値上限の 2倍以上は 不可,　ただし、 最終判断は 採取施設判断とする 。それ以外は要検討。,,,,B,,B,,,,
肝・胆・膵疾患,肝機能検査、その他,,,96,,<確認検査時>,,,,,,,,,,,
肝・胆・膵疾患,肝機能検査、その他,,,97,,<確認検査時>,"■T-BiL
　適格　　<　2.0
　再検査 　≧　2.0
　再検査後、 <　2.0 であれば可",,,,B,,B,,,,
肝・胆・膵疾患,肝機能検査、その他,,,98,,<確認検査時>,"■GOT　(ALT)
　適格 　　≦40
　不適格 　>80
　40 <　再検査　≦　80
　再検査後、< 45 (ただし 、改善傾向が見られる場合であれば可)",,,,B,,B,,,,
肝・胆・膵疾患,肝機能検査、その他,,,99,,<確認検査時>,,,,,,,,,,,
肝・胆・膵疾患,肝機能検査、その他,,,100,,"<確認検査時>
","■GPT　(ALT)
　適格 　　≦40
　不適格 　>80
　40 <　再検査　≦　80
　再検査後、<50 (ただし 、改善傾向が見られる場合であれば可)",,,,B,,B,,,,
肝・胆・膵疾患,肝機能検査、その他,,,101,,<確認検査時>,"■γ-GTP
　適格　　<100
　再検査 　≧100
　(単独高値の場合は禁酒し、再検査にて正常化すれば可)",,,,B,,B,,,,
肝・胆・膵疾患,肝機能検査、その他,,,102,,<確認検査時>,"■TP
　6.0　<　適格 ＜　9.0 は可、それ以外は要検討",,,,B,,B,,,,
肝・胆・膵疾患,肝機能検査、その他,,,103,,　過去 1 年以内に肝機能異常を指摘されており、高値が持続している場合は、再検査せず不適格,,,,,C,,C,,,,
肝・胆・膵疾患,肝機能検査、その他,,,104,,<術前健診時>,,,,,,,,,,,
肝・胆・膵疾患,肝機能検査、その他,,,105,,<術前健診時>,GOT，GPT、T－BiL、γ－GTPが施設基準値上限の2倍以上は不可,,,,C,,C,,,,
肝・胆・膵疾患,肝機能検査、その他,,,106,,<術前健診時>GOT，GPT、T－BiL、γ－GTPが施設基準値上限の2倍以上は不可,ただし、最終判断は採取施設判断とする。,,,,B,,B,,,,
代謝・栄養疾患,高度の肥満,,,107,,　BMI 30以上は不可(BMI 体重 (kg) ÷身長(m) ÷身長(m)),,,,,C,,C,,,,
代謝・栄養疾患,脂質異常症,,,108,,<確認検査時>　,,,,,,,,,,,
代謝・栄養疾患,脂質異常症,,,109,,<確認検査時>　,"HDL－C　40mg/dl 未満 かつ
　non-HDL－C　190mg/dl 以上は不適格
　※non-HDL-C　＝ T-Cho ーHDL-C
　※確認検査時、総コレステロール及びHDL-C 検査を実施します。",,,,B,,C,,,,
代謝・栄養疾患,脂質異常症,,,110,,"<術前健診時>
(次の項目を検査した場合)",,,,,,,,,,,
代謝・栄養疾患,脂質異常症,,,111,,"<術前健診時>
(次の項目を検査した場合)","
　HDL－C　40mg/dl 未満 かつ LDL－C　160mg/dl 以上は不適格",,,,B,,C,,,,
代謝・栄養疾患,脂質異常症,,,112,,"<術前健診時>
(次の項目を検査した場合)",　LDL－C　180mg/dl 以上は不適格,,,,B,,C,,,,
代謝・栄養疾患,低体重,,,113,,　男性45kg未満、女性40kg未満は不可,,,,,C,,C,,,,
代謝・栄養疾患,糖尿病,,,114,,　食事療法のみでコントロール良好の場合、糖尿病性腎症、糖尿病性網膜症、糖尿病性神経症等を合併していなければ可,,,,,B,,B,,,,
代謝・栄養疾患,糖尿病,,,115,,　未治療の場合のものは不可,,,,,C,,C,,,,
代謝・栄養疾患,糖尿病,,,116,,"　以下、 糖尿病による合併症 が認められるものは 不可
　・糖尿病性腎症
　・糖尿病性網膜症
　・糖尿病性神経症等",,,,,D,,D,,,,
代謝・栄養疾患,糖尿病,,,117,,　投薬治療(インスリン、グルコシダーゼインヒビターなどの血糖降下剤など)が必要な糖尿病 は不可,,,,,C,,C,,,,
代謝・栄養疾患,糖尿病,,,118,,"　空腹時血糖(12時間以上の 絶食)　　≧　126mg/dl
　随時血糖　　≧　200mg/dl　  　　 の 場合は不可",,,,,C,,C,,,,
代謝・栄養疾患,糖尿病,,,119,,　随時血糖　　≧　160mg/dl は、HbA1cの測定を実施すること。,,,,,,,,,,,
代謝・栄養疾患,糖尿病,,,120,,　随時血糖　　≧　160mg/dl は、HbA1cの測定を実施すること。,HbA1c(NGSP)　≧ 6.5％は不可,,,,C,,C,,,,
代謝・栄養疾患,糖尿病,,,121,,　随時血糖　　≧　160mg/dl は、HbA1cの測定を実施すること。,HbA1c(JDS )       ≧ 6.1％は 不可,,,,C,,C,,,,
代謝・栄養疾患,痛風、高尿酸血症,,,123,,　治療中または痛風の症状がある場合は不可,,,,,C,,C,,,,
代謝・栄養疾患,痛風、高尿酸血症,,,124,,　治療終了後1年以上経過し、症状なしは可,,,,,A,,A,,,,
代謝・栄養疾患,痛風、高尿酸血症,,,125,,　尿酸値 ＞8mg/dl,,,,,B,,C,,,,
代謝・栄養疾患,痛風、高尿酸血症,,,129,,　関節症状や腎障害(痛風腎)がある場合は不可,,,,,C,,C,,,,
内分泌疾患,甲状腺疾患,,,130,,　甲状腺機能亢進症は不可(既往も含む),,,,,D,,D,,,,
内分泌疾患,甲状腺疾患,,,131,,　甲状腺機能低下症は不可 (既往も含む),,,,,D,,D,,,,
内分泌疾患,甲状腺疾患,,,132,,　単純性甲状腺腫(非中毒性甲状腺腫)の既往は、橋本病(慢性甲状腺炎)が否定されていれば可,,,,,A,,A,,,,
内分泌疾患,甲状腺疾患,,,133,,　甲状腺腫瘍の既往は、良性結節であれば可,,,,,A,,A,,,,
内分泌疾患,甲状腺疾患,,,134,,　急性化膿性甲状腺炎、亜急性甲状腺炎は治癒していれば可,,,,,A,,A,,,,
内分泌疾患,内分泌疾患,,,135,,　脳下垂体腺腫で良性と申告がされた場合は、問診で健康状況を考慮し判断する,,,,,B,,B,,,,
血液・造血器疾患,血算,,,136,,■ヘモグロビン(Hb)<確認検査時>,,,,,,,,,,,
血液・造血器疾患,血算,,,137,,■ヘモグロビン(Hb)<確認検査時>,"　男性： 13g/dl ～18g/dl
　女性： 12g/dl ～16g/dl",,,,A,,A,,,,
血液・造血器疾患,血算,,,138,,"■ヘモグロビン(Hb)<確認検査時>　男性： 13g/dl ～18g/dl
　女性： 12g/dl ～16g/dl",　ただし、 過去 1 年以内にヘモグロビン(Hb)低値や比重不足を指摘されており、低値が持続している場合は、再検査せず不可,,,,C,,C,,,,
血液・造血器疾患,血算,,,139,,"■ヘモグロビン(Hb)<確認検査時>　男性： 13g/dl ～18g/dl
　女性： 12g/dl ～16g/dl",　再検査にて基準値に至っていない場合は、不可 再検査の際に鉄剤服用は不可,,,,C,,C,,,,
血液・造血器疾患,血算,,,140,,■ヘモグロビン(Hb)<術前健診時>,,,,,,,,,,,
血液・造血器疾患,血算,,,141,,■ヘモグロビン(Hb)<術前健診時>,"　男性： 13g/dl ～18g/dl
　女性： 12g/dl ～16g/dl",,,,A,,A,,,,
血液・造血器疾患,血算,,,142,,"■ヘモグロビン(Hb)<術前健診時>　男性： 13g/dl ～18g/dl
　女性： 12g/dl ～16g/dl",　再検査にて基準値に至っていない場合は、不可 再検査の際に鉄剤服用は不可,,,,C,,C,,,,
血液・造血器疾患,血算,,,143,,■白血球(WBC)<確認検査時>,,,,,,,,,,,
血液・造血器疾患,血算,,,144,,■白血球(WBC)<確認検査時>,"　男女： 3,000/μl～10,000/ μl
　上記、数値以外は再検査 再検査後の適格基準は、同上",,,,A,,A,,,,
血液・造血器疾患,血算,,,145,,■白血球(WBC)<術前健診時>,,,,,,,,,,,
血液・造血器疾患,血算,,,146,,■白血球(WBC)<術前健診時>,"　男女： 3,000/μl～10,000/ μl
　上記、数値以外は再検査 再検査後の適格基準は、同上",,,,A,,A,,,,
血液・造血器疾患,血算,,,147,,"■白血球(WBC)<術前健診時>　男女： 3,000/μl～10,000/ μl
　上記、数値以外は再検査 再検査後の適格基準は、同上",　※検査データが低値もしくは高値であり、再検査後改善傾向を示すが、基準値に至っていない場合においては、採取施設が総合的に判断し、採取の可否を決定すること,,,,B,,B,,,,
血液・造血器疾患,血算,,,148,,■血小板(PLT)<確認検査時>,,,,,,,,,,,
血液・造血器疾患,血算,,,149,,■血小板(PLT)<確認検査時>,"　男女： 15万/ μl　～　 40万/ μl
　上記、数値以外は再検査 再検査後の適格基準は、同上",,,,A,,A,,,,
血液・造血器疾患,血算,,,150,,"■血小板(PLT)<確認検査時>　男女： 15万/ μl　～　 40万/ μl
　上記、数値以外は再検査 再検査後の適格基準は、同上",　EDTA依存性偽性血小板減少症の可能性が否定できない場合、クエン酸で再検査を実施。正常化すれば可,,,,A,,A,,,,
血液・造血器疾患,血算,,,151,,■血小板(PLT)<術前検査時>,,,,,,,,,,,
血液・造血器疾患,血算,,,152,,■血小板(PLT)<術前検査時>,"男女： 15万/ μ L　～　 40万/ μL
上記、数値以外は再検査 再検査後の適格基準は、同上",,,,A,,A,,,,
血液・造血器疾患,血算,,,153,,"■血小板(PLT)<術前検査時>　男女： 15万/ μ L　～　 40万/ μL
　上記、数値以外は再検査 再検査後の適格基準は、同上",※検査データが低値もしくは高値であり、再検査後改善傾向を示すが、基準値に至っていない場合においては、採取施設が総合的に判断し、採取の可否を決定すること,,,,B,,B,,,,
血液・造血器疾患,血算,,,154,,■ヘマトクリット値(Ht)<確認検査時>,,,,,,,,,,,
血液・造血器疾患,血算,,,155,,■ヘマトクリット値(Ht)<確認検査時>,"　男：≧ 39.8 　≦51.8
　女：≧ 33.4　≦ 44.9",,,,A,,A,,,,
血液・造血器疾患,血算,,,156,,"■ヘマトクリット値(Ht)<確認検査時>　男：≧ 39.8 　≦51.8
　女：≧ 33.4　≦ 44.9",　上記、数値以外は要検討(総合判定),,,,B,,B,,,,
血液・造血器疾患,血算,,,157,,■平均赤血球容積 (MCV)<確認検査時>,,,,,,,,,,,
血液・造血器疾患,血算,,,158,,■平均赤血球容積 (MCV)<確認検査時>,"　男：　≧ 82.7 　≦101.6
　女： 　≧79 　　　≦100",,,,A,,A,,,,
血液・造血器疾患,血算,,,159,,"■平均赤血球容積 (MCV)<確認検査時>　男：　≧ 82.7 　≦101.6
　女： 　≧79 　　　≦100",　上記、数値以外は要検討(総合判定),,,,B,,B,,,,
血液・造血器疾患,生化学,,,160,,"<入院時>
　C反応性蛋白(CRP)　施設基準 2 倍以上は要検討",,,,,B,,B,,,,
血液・造血器疾患,凝固系,,,161,,<術前健診時>,,,,,,,,,,,
血液・造血器疾患,凝固系,,,162,,<術前健診時>,"　活性化部分トロンボプラスチン時間 (APTT)
　48sec以上は不可",,,,D,,D,,,,
血液・造血器疾患,凝固系,,,163,,"<術前健診時>　活性化部分トロンボプラスチン時間 (APTT)
　48sec以上は不可",　ただし 、48sec 未満で施設基準値を超えている場合は要検討,,,,B,,B,,,,
血液・造血器疾患,凝固系,,,164,,<術前健診時>,　プロトロンビン時間 15sec以上は不可,,,,D,,D,,,,
血液・造血器疾患,凝固系,,,165,,<術前健診時>,　プロトロンビン活性値 70％以下は不可,,,,D,,D,,,,
血液・造血器疾患,凝固系,,,166,,<術前健診時>,　国際標準化比(INR) 1.2以上は不可,,,,D,,D,,,,
血液・造血器疾患,凝固系,,,167,,"<術前健診時>プロトロンビン時間 15sec以上は不可
プロトロンビン活性値 70％以下は不可
国際標準化比 (INR)1.2以上は不可",ただし 、上記未満で施設基準値を超えている場合は要検討,,,,B,,B,,,,
血液・造血器疾患,造血器疾患,,,168,,"　以下、不可(既往歴含む)
　主な血液疾患
　■急性白血病
　・急性骨髄性白血病
　・急性リンパ性白血病
　■骨髄増殖性疾患
　・慢性骨髄性白血病
　・真性多血症
　・本態性血小板血症
　・骨髄線維症
　・特発性骨髄線維症
　■リンパ増殖性疾患
　・悪性リンパ腫
　・慢性リンパ性白血病
　・成人T細胞白血病
　・免疫芽球性リンパ節症
　・セザリー症
　・血球貧食症候群",,,,,D,,D,,,,
血液・造血器疾患,造血器疾患,,,169,,"　以下、不可(既往歴含む)
　■骨髄腫
　・多発性骨髄腫
　・マクログロブリン血症
　■止血異常
　・血管性紫斑病
　・遺伝性出血性末梢血管拡張症
　・結合組織異常
　・後天性紫斑病
　・特発性血小板減少性紫斑病
　・血小板機能異常症
　・血友病
　・後天性血液凝固異常症
　■貧血性疾患
　再生不良性貧血
　自己免疫性溶血性貧血
　遺伝性溶血性貧血　　　　　 など",,,,,D,,D,,,,
血液・造血器疾患,その他,,,170,,　小児期のアレルギー性紫斑病であることが判明している場合と急性型の特発性血小板減少性紫斑病 (ITP) で治癒している場合は可,,,,,A,,A,,,,
腎・尿路疾患、水電解質異常,急性腎炎,,,171,,　既往がある場合は、治療を終了していれば可,,,,,A,,A,,,,
腎・尿路疾患、水電解質異常,ネフローゼ症候群,,,172,,　既往がある場合は、不可,,,,,D,,D,,,,
腎・尿路疾患、水電解質異常,慢性腎炎,,,173,,"　既往があり、専門医により診断を受けている場合は不可
　■主な慢性腎炎
　・IgA 腎症(ベルジェ病)
　・巣状およびびまん性増殖性糸球体腎炎
　・膜性増殖性糸球体腎炎(MPGN)
　・膜性腎炎
　・巣状糸球体硬化症(FGS)
　・硬化性糸球体腎炎",,,,,D,,D,,,,
腎・尿路疾患、水電解質異常,腎機能,,,174,,<確認検査時>,,,,,,,,,,,
腎・尿路疾患、水電解質異常,腎機能,,,175,,<確認検査時>,"　血清クレアチニン(CRE)
　男性： 適格 ≦1.04mg/dl 女性： 適格 ≦0.79mg/dl",,,,A,,A,,,,
腎・尿路疾患、水電解質異常,腎機能,,,176,,"<確認検査時>　血清クレアチニン(CRE)
　男性： 適格 ≦1.04mg/dl 女性： 適格 ≦0.79mg/dl","　上記、数値以外は再検査 再検査の基準は同上
再検査にて基準値に至っていない場合は、不可",,,,C,,C,,,,
腎・尿路疾患、水電解質異常,腎機能,,,177,,<確認検査時>,"　尿素窒素(BUN)
　適格 ≦25mg/dl",,,,A,,A,,,,
腎・尿路疾患、水電解質異常,腎機能,,,178,,"<確認検査時>　尿素窒素(BUN)
　適格 ≦25mg/dl","上記、数値以外は再検査 再検査の基準は同上
再検査 にて基準値に至っていない場合は、不可",,,,C,,C,,,,
腎・尿路疾患、水電解質異常,尿検査,,,179,,<術前健診時>,,,,,,,,,,,
腎・尿路疾患、水電解質異常,尿検査,,,180,,<術前健診時>,"　尿一般検査結果にて、以下の基準以外は要検討
　pH　　　5.0～8.0
　蛋白定性　(－)
　糖定性　　(－)
　ウロビリノーゲン　(－/＋)
　ビリルビン(－)
　ケトン体　(－)
　尿潜血反応(－)
　比重 　　　1.002～1.030",,,,B,,B,,,,
腎・尿路疾患、水電解質異常,尿検査,,,181,,<術前健診時>,　糖、蛋白検査 (±)は、可,,,,A,,A,,,,
腎・尿路疾患、水電解質異常,尿検査,,,182,,<術前健診時>,"　糖、蛋白検査 (＋)は、要検討
　尿潜血、沈渣などの検査結果とあわせて総合的に判断する",,,,B,,B,,,,
腎・尿路疾患、水電解質異常,尿検査,,,183,,<術前健診時>,　腎炎などが疑われる場合は不可,,,,C,,C,,,,
腎・尿路疾患、水電解質異常,尿検査,,,184,,<術前健診時>,　潜血(＋)については、他(女性の場合は生理)に異常所見を認めなければ採取施設判断,,,,A,,A,,,,
腎・尿路疾患、水電解質異常,尿検査,,,185,,<術前健診時>,"　尿沈渣結果にて、以下の基準以外は要検討
　赤血球　　　1視野 5個以下
　白血球　　　1視野 3個以下
　結晶　　　　1視野少量
　上皮細胞　　1視野少量
　円柱細胞　　　　(－)",,,,B,,B,,,,
腎・尿路疾患、水電解質異常,尿検査,,,186,,"<術前健診時>　尿沈渣結果にて、以下の基準以外は要検討
　赤血球　　　1視野 5個以下
　白血球　　　1視野 3個以下
　結晶　　　　1視野少量
　上皮細胞　　1視野少量
　円柱細胞　　　　(－)",　ただし、 一過性で消失もしくは生理的と判断されれば、可とする。,,,,A,,A,,,,
腎・尿路疾患、水電解質異常,尿検査,,,187,,<術前健診時>,　一過性の膀胱炎、起立性蛋白尿や腎性糖尿などの場合は、要検討とする,,,,B,,B,,,,
腎・尿路疾患、水電解質異常,尿検査,,,188,,<術前健診時>,　特発性腎出血、遊走腎等による血尿は、貧血がなければ可,,,,A,,A,,,,
腎・尿路疾患、水電解質異常,結石,,,189,,　排石あるいは現在経過観察の必要性がない、もしくは 1 年以内に痛みがなく、症状が落ち着いている場合は可,,,,,A,,A,,,,
腎・尿路疾患、水電解質異常,その他,,,190,,　多発性嚢胞腎は不可,,,,,D,,D,,,,
腎・尿路疾患、水電解質異常,その他,,,191,,　萎縮腎を指摘されている場合は片・両共不可,,,,,D,,D,,,,
腎・尿路疾患、水電解質異常,その他,,,192,,　片腎は不可,,,,,D,,D,,,,
遺伝性疾患,遺伝性疾患,,,193,,　ドナー本人が遺伝性疾患を発症している場合または診断されている場合は不可,,,,,D,,D,,,,
遺伝性疾患,遺伝性疾患,,,194,,"　遺伝性疾患とされる下記の神経、筋疾患について家族歴のあるものは、遺伝形式から推測してドナーが保因者である可能性が否定できなければ不可
　ただし、遺伝形式から推測してドナーが保因者でないことが明らかな場合は、可
　・遺伝性血小板減少症
　・Nezelof症候群
　・多発性ニューロパチー
　・進行性筋ジストロフィー
　・脊髄小脳変性症",,,,,B,,B,,,,
遺伝性疾患,遺伝性疾患,,,195,,"　以下の遺伝性疾患については、遺伝形式から推測して判断
　■常染色体優性
　50％の確率で親からドナーに遺伝するので、親がその病気であれば不可
　祖父母が病気で親が病気でなければ、ドナーに遺伝しないので可
　(疾患例)
　・鎌状赤血球症
　・サラセミア
　・球状赤血球症
　・楕円赤血球症
　・多発性軟骨性外骨腫症
　・ハンチントン舞踏病
　・先天性風車翼状手
　・多発性神経線維腫症
　・筋萎縮性側索硬化症
　・レックリングハウゼン病
　　　　　　　　　　　　　　など",,,,,B,,B,,,,
遺伝性疾患,遺伝性疾患,,,196,,"　　以下の遺伝性疾患については、遺伝形式から推測して判断
　■常染色体劣性
　両親のうちの一方が病気の場合、他方が保因者の可能性を考え原則として不可
　ドナーの兄弟が病気であれば、25％の確率でドナーに発症するので不可
　兄弟、両親以外の血縁者(祖父母、叔父叔母、従兄弟)が病気の場合は可
　(疾患例)
　・ムコ多糖症
　・Fanconi 貧血
　・ポルフィリン症
　・ADA 欠損症
　・PNP 欠損症
　・毛細血管拡張性運動失調症
　・Glanzmann 血小板無力症
　・Bernard-Soulier 症候群
　・血小板Stage Pool 病
　・Tay-Sachs 病
　・Gaucher 病
　・Hurler 病
　　　　　　　　　　　　など",,,,,B,,B,,,,
遺伝性疾患,遺伝性疾患,,,197,,"　以下の遺伝性疾患については、遺伝形式から推測して判断
　■ X 連鎖
　ドナーの父がその病気でドナーが女性ならば不可(ドナーが男性ならば可)
　ドナーの父がその病気でない場合、母方の祖父あるいはドナーの男性同胞(兄弟)がその病気ならば、ドナーが男性の場合は不可。ドナーが女性の場合、遺伝形式から推測して保因者であることが推測される場合は不可。
　(疾患例)
　・G6PD 欠損
　・低γグロブリン血症
　・高IgM 症候群
　・Wiskott-Aldrich 症候群 (WAS)
　・Hunter 病
　・副腎白質ジストロフィー
　　　　　　　　　　　　　　　など
　父方の祖父がその病気でも、ドナーの母親が保因者でないことが明らかであれば可",,,,,B,,B,,,,
神経・筋疾患,けいれん性疾患,,,198,,"　過去にけいれん発作を有するか、服薬歴があるものは不可
　【精神科疾患】記載の『てんかん』を含む",,,,,D,,D,,,,
神経・筋疾患,悪性高熱症,,,199,,　本人・親・兄弟に既往歴があるものは不可,,,,,D,,D,,,,
神経・筋疾患,悪性高熱症,,,200,,　術前健診時にCPK値が高値の場合は、前日などに過度の筋肉運動(スポーツ等)をしていないか、また、生活状況を確認し、過度の運動を控え再検査にて確認したうえで担当麻酔科医の判断で適格性を判定する。,,,,,B,,B,,,,
神経・筋疾患,脳血管性障害,,,201,,"　既往のある場合は不可
　主な脳血管障害
　■脳梗塞
　・脳血栓
　・脳梗塞(脳塞栓)
　■頭蓋内出血
　・脳出血
　・くも膜下血腫
　■一過性脳虚血
　・反復性局所性脳虚血発作
　■高血圧性脳症",,,,,D,,D,,,,
神経・筋疾患,脳血管性障害,,,202,,"　既往のある場合は不可
　主な脳血管障害
　■脳梗塞
　・脳血栓
　・脳梗塞(脳塞栓)
　■頭蓋内出血
　・脳出血
　・くも膜下血腫
　■一過性脳虚血
　・反復性局所性脳虚血発作
　■高血圧性脳症",　ただし 、低血圧に伴う一過性脳虚血は治癒していれば可,,,,A,,A,,,,
神経・筋疾患,ギラン・ バレー症候群,,,203,,　ギラン ・ バレー症候群の既往があるものは要検討,,,,,B,,B,,,,
神経・筋疾患,IGA欠損症,,,204,,　IgA欠損症の指摘を受けたことがあるものは不可,,,,,D,,D,,,,
感染症、性病、寄生虫疾患,■感染症の基本的考え方,,,205,,スクリーニング検査で陽性・判定保留で中止となった場合、ドナーがPCR法など然るべき検査方法で陰性となった場合であっても、確認検査時または再検査で同一結果の場合は、不可,,,,,C,,C,,,,
感染症、性病、寄生虫疾患,輸血歴,,,206,,　輸血歴のある場合は患者主治医判断,,,,,B,,B,,,,
感染症、性病、寄生虫疾患,輸血歴,,,207,,　自己血輸血は可,,,,,A,,A,,,,
感染症、性病、寄生虫疾患,輸血歴,,,208,,　自己血輸血は可,　ただし 、自己血輸血と共に同種血輸血を受けた場合は主治医判断,,,,B,,B,,,,
感染症、性病、寄生虫疾患,輸血歴,,,209,,"　輸血用血液以外の生物由来製剤
　■ヒト由来製剤　投与後3ヵ月間は不可　以後は、原疾患を考慮して判断
　・アルブミン
　・免疫グロブリン
　・抗 D グロブリン
　・抗破傷風ヒト免疫グロブリン
　・ヒトハプトグロビン
　・フィブリノーゲン
　・トロンビン",,,,,B,,B,,,,
感染症、性病、寄生虫疾患,輸血歴,,,210,,"　■動物由来抗血清等　投与後3ヵ月間は不可
　・ジフテリアウマ抗毒素
　・ガスえそウマ抗毒素
　・破傷風ウマ抗毒素
　・ボツリヌスウマ抗毒素
　・はぶウマ抗毒素
　・まむしウマ抗毒素
　・ウシ由来トロンビン",,,,,B,,B,,,,
感染症、性病、寄生虫疾患,CJD,,,211,,"　以下のいずれかに該当する場合は不可
　・CJD(クロイツフェルト・ヤコブ病)及び類縁疾患と医師に言われたことがある
　・血縁者にCJD及び類縁疾患と診断された人がいる
　・人由来成長ホルモンの投与を受けたことがある
　・角膜移植を受けたことがある
　・硬膜移植を伴う外科手術を受けたことがある",,,,,D,,D,,,,
感染症、性病、寄生虫疾患,vCJD,,,212,,"　ヒト胎盤エキス(プラセンタ)注射剤等の使用歴がある場合
　※無期限(55 歳まで ) 保留
　※イオン療法等美容にてヒト胎盤エキス(プラセンタ)を使用した場合も含みます。",,,,,C,,C,,,,
感染症、性病、寄生虫疾患,vCJD,,,213,,"下記に該当する場合は、患者主治医判断とする。
①イギリスに、1980 年 ～1996 年 に通算1ヵ月 以上、1997年～2004年に通算6ヵ月 以上滞在。
②フランス、アイルランド、ポルトガル、ドイツ、スペイン、イタリア、オランダ、ベルギー、サウジアラビアに、1980年～2004年に通算6ヵ月 以上滞在(居住)。
スイスに1980年以降に通算6ヵ月 以上滞在(居住)。
これら10ヶ国の中で、1980年以降滞在が複数国に及ぶ場合は、1も含めてその滞在期間を合算して通算6ヵ月 以上となる場合。
③オーストリア、ギリシャ、スウェーデン、デンマーク、フィンランド、ルクセンブルグに、1980年～2004年に通算5年以上滞在(居住)。
アイスランド、アルバニア、アンドラ、クロアチア、サンマリノ、スロバキア、スロベニア、セルビア、モンテネグロ、チェコ、バチカン、ハンガリー、ブルガリア、ポーランド、ボスニア・ヘルツェゴビナ、マケドニア、マルタ、モナコ、ノルウェー、リヒテンシュタイン、ルーマニアに1980年以降、通算5年以上滞在(居住)。
これら27ヶ国の中で、1980年以降滞在が複数国に及ぶ場合は、①及び②の国も含めてその滞在期間を合算して通算5年以上となる場合。
【関連文書】
「骨髄のあっせんに伴うクロイツフェルト・ヤコブ病及びその疑いの取り扱いについて」
平成 22 年 9 月 10 日付厚生労働省健康局長通知 健発第 0910 第 2 号",,,,,B,,B,,,,
感染症、性病、寄生虫疾患,結核,,,214,,　治癒(治療終了)後、5年以上は可,,,,,A,,A,,,,
感染症、性病、寄生虫疾患,結核,,,215,,　治癒(治療終了)後、5年以上は可,　結核患者と親密な接触があった場合、接触者検診で医師より問題ないとの診断を受けていれば可,,,,A,,A,,,,
感染症、性病、寄生虫疾患,結核,,,216,,　治癒(治療終了)後、5年以上は可　結核患者と親密な接触があった場合、接触者検診で医師より問題ないとの診断を受けていれば可,　経過観察中は不可,,,,C,,C,,,,
感染症、性病、寄生虫疾患,結核,,,217,,　クォンティフェロン検査で陽性(潜在性結核感染症)で INH 予防内服を受け、治療終了後5年を経過すれば可,,,,,A,,A,,,,
感染症、性病、寄生虫疾患,結核,,,218,,　クォンティフェロン検査で陽性 潜在性結核感染症 で INH 予防内服を受け、治療終了後5年を経過すれば可,　ただし、 INH 予防服薬を受けた旨を患者主治医に伝え最終的には患者主治医判断とする。,,,,B,,B,,,,
感染症、性病、寄生虫疾患,結核,,,219,,　クォンティフェロン検査で陽性(INH 予防内服不要)もしくは判定保留で経過観察中は不可,,,,,C,,C,,,,
感染症、性病、寄生虫疾患,結核,,,220,,　クォンティフェロン検査で陽性(INH 予防内服不要)もしくは判定保留で経過観察中は不可,　ただし、結果判明後半年毎に胸部 X 線撮影もしくは CT検査を実施し、 2年経過した上で医師より問題なしとの診断がなされれば可,,,,A,,A,,,,
感染症、性病、寄生虫疾患,EBウイルス感染症,,,221,,　現在症状がなければ可,,,,,A,,A,,,,
感染症、性病、寄生虫疾患,伝染性単核球症,,,222,,　治癒後、6ヵ月を経過すれば可,,,,,A,,A,,,,
感染症、性病、寄生虫疾患,HIV,,,223,,　確認検査にて、 CLEIA 陽性(または判定保留)の場合は不可,,,,,D,,D,,,,
感染症、性病、寄生虫疾患,HIV,,,224,,　過去にHIV 陽性と言われている場合は不可,,,,,D,,D,,,,
感染症、性病、寄生虫疾患,HIV,,,225,,"　HIV感染のウィンドウ期である可能性が否定できないものは不可
　(問診強化)",,,,,C,,C,,,,
感染症、性病、寄生虫疾患,梅毒,,,226,,<確認検査時>,,,,,,,,,,,
感染症、性病、寄生虫疾患,梅毒,,,227,,<確認検査時>,"　・STS陽性 TP 抗体 陰性
　初期感染あるいは生物学的偽陽性が疑われるため、3～4週間後再検査を実施し、同一検査結果の場合は不可",,,,C,,C,,,,
感染症、性病、寄生虫疾患,梅毒,,,228,,<確認検査時>,"　・STS陰性 TP 抗体 陽性
　治癒後または、無治療の 陳旧性梅毒であり、可",,,,A,,A,,,,
感染症、性病、寄生虫疾患,梅毒,,,229,,<確認検査時>,"　・STS陽性 TP 抗体 陽性
　梅毒の症期であり、不可",,,,C,,C,,,,
感染症、性病、寄生虫疾患,性感染症,,,230,,　性感染症(クラミジア感染症、淋病、性器ヘルペス感染症、尖圭コンジローム等)の既往申告があった場合は、治癒後1年経過していれば可,,,,,A,,A,,,,
感染症、性病、寄生虫疾患,海外渡航,,,231,,"　海外からの帰国日当日から3週間以内に体調不良、発熱・悪心・嘔吐・下痢・風邪様症状等があった場合は、症状が消失してから3週間不可。
　医療機関を受診した場合は、疾患により判断する。",,,,,B,,B,,,,
感染症、性病、寄生虫疾患,海外渡航,,,232,,　下記に該当する感染症については、別途対応,,,,,,,,,,,
感染症、性病、寄生虫疾患,海外渡航,,,233,,"　■ウエストナイルウイルス
　採取予定日から28日以内に海外から帰国した場合は、採取は不可
　ただし、やむを得ず採取を実施する場合は、採血を実施し、ウイルスの有無(検査) を確認。その結果、陽性であれば、採取は中止としコーディネートは終了。",,,,,B,,B,,,,
感染症、性病、寄生虫疾患,海外渡航,,,234,,"　■重症急性呼吸器症候群(SARS)
　SARSの「最近の地域内伝播」が疑われる地域から採取予定日の21日以内に帰国した場合、同期間内に「SARS疑い例及び可能性例の届出のための症例定義(P59 参照)」に該当する方を看護若しくは介護していた、同居していた又は気道分泌若しくは体液に直接触れた場合、若しくは「SARS疑い例及び可能性例の届出のための症例定義」に該当する場合は、採取は一旦中止とし、再日程調整もしくはコーディネートは終了。
　伝播地域：WHO 国際保健機関の発表に準じた地域となります。
　　　　　　※地域については都度お知らせ いたします。
関連通達文書：
「造血幹細胞移植における問診強化について」
(平成14 年 10 月 29 日付厚生労働省健康局疾病対策室長通知健臓発第 1029001 号)
「造血幹細胞移植における「ウエストナイル熱・脳炎」の取扱いの一部改定について」
(平成15 年 3 月 18 日付厚生労働省健康局疾病対策室長通知健臓発第 318001 号)
「臓器移植及び造血幹細胞移植における原因不明の重症急性呼吸器症候群(
SARS )への対応について」
(平成15 年 4 月 4 日付厚生労働省健康局疾病対策室長通知健臓発第 0404005 号)
「臓器移植及び造血幹細胞移植におけるSARSへの対応について」
(平成15 年 5 月 19 日付厚生労働省健康局疾病対策室長通知健臓発第 0519001 号)",,,,,B,,B,,,,
感染症、性病、寄生虫疾患,マラリア,,,235,,　マラリアの既往歴のあるものは不可,,,,,D,,D,,,,
感染症、性病、寄生虫疾患,マラリア,,,236,,　マラリア感染の可能性が然るべき検査にて否定された場合は可,,,,,A,,A,,,,
感染症、性病、寄生虫疾患,マラリア,,,237,,"　マラリア流行地域への渡航について
　※基準日：採血日(確認検査・術前・採取)
　A地域：マラリア感染が報告されていない地域
　B地域：マラリア感染リスクが「 Very Low 」、「 Low 」、「 Moderate 」、「 No Data 」とされる地域
　特B地域：マラリア感染リスクが「 High 」とされる地域
　※地域は別紙参照
　※ドナー適格性判定基準のマラリア流行地域基準一覧表に記載されていない(すなわちA、B、特B地域以外)国・地域(アメリカ本土、カナダ、ヨーロッパ諸国など)については、採血適否判断の対象外。",,,,,,,,,,,
感染症、性病、寄生虫疾患,マラリア,,,238,,A地域：B地域、特B地域へ旅行していない場合,,,,,A,,A,,,,
感染症、性病、寄生虫疾患,マラリア,,,239,,B地域：,,,,,,,,,,,
感染症、性病、寄生虫疾患,マラリア,,,240,,B地域：,①1年以内に当該地区へ1ヵ月 以内の旅行をした場合、 郊外の農村部や森林地帯に出かけていなければ可,,,,A,,A,,,,
感染症、性病、寄生虫疾患,マラリア,,,241,,B地域：,②1年以内に当該地区へ1ヵ月 を超える旅行をした場合は、患者主治医判断,,,,B,,B,,,,
感染症、性病、寄生虫疾患,マラリア,,,242,,B地域：,③1年以内に当該地区の郊外の農村部や森林地帯へ出かけた場合は、滞在期間に関わらず患者主治医判断,,,,B,,B,,,,
感染症、性病、寄生虫疾患,マラリア,,,243,,B地域：,④帰国後、マラリアを思わせる症状があった場合は、感染が否定されるまで不可,,,,C,,C,,,,
感染症、性病、寄生虫疾患,マラリア,,,244,,B地域：,⑤居住経験者(B地域内に1年を越えて滞在した場合)は、帰国後3年間不可,,,,C,,C,,,,
感染症、性病、寄生虫疾患,マラリア,,,245,,B地域：,⑥予防薬服用者は、服用後3ヵ月不可,,,,B,,B,,,,
感染症、性病、寄生虫疾患,マラリア,,,246,,特B地域：,,,,,,,,,,,
感染症、性病、寄生虫疾患,マラリア,,,247,,特B地域：,①1年以内に当該地区へ旅行期間や出かけた場所、目的に関わらず、滞在した場合は患者主治医判断,,,,B,,B,,,,
感染症、性病、寄生虫疾患,マラリア,,,248,,特B地域：,②帰国後、マラリアを思わせる症状があった場合は、感染が否定されるまで不可,,,,C,,C,,,,
感染症、性病、寄生虫疾患,マラリア,,,249,,特B地域：,③居住経験者(特B地域内に1年を越えて滞在した場合)は、帰国後3年間不可,,,,C,,C,,,,
感染症、性病、寄生虫疾患,マラリア,,,250,,特B地域：,④予防薬服用者は、服用後3ヵ月不可,,,,B,,B,,,,
感染症、性病、寄生虫疾患,ウエストナイルウイルス,,,251,,　ウエストナイル熱の既往がある場合は、治癒していれば可,,,,,A,,A,,,,
感染症、性病、寄生虫疾患,デング熱,,,252,,　デング熱の既往がある場合は治癒後1ヵ月経過すれば可,,,,,A,,A,,,,
感染症、性病、寄生虫疾患,シャーガス病,,,253,,　シャーガス病の既往がある場合は不可,,,,,D,,D,,,,
感染症、性病、寄生虫疾患,シャーガス病,,,254,,"　以下、(1 )～(3 )に該当する場合は不可
　※55歳まで保留
　(1 )中南米諸国で生まれた、又は育った。
　(2 )母親 又は母方の祖母 が、中南米諸国で生まれた、又は育った。
　(3 )上記( 1 )に該当しない方で、中南米諸国に通算 4 週間以上滞在した。",,,,,C,,C,,,,
感染症、性病、寄生虫疾患,シャーガス病,,,255,,"　上記いずれかに該当する方で、中南米地域の対象国・地域を離れてから
6 カ月以上経過し、シャーガス病の抗体検査で陰性の確認ができる方
【対象地域】
アルゼンチン、ウルグアイ、エクアドル、エルサルバドル、ガイアナ、グアテマラ、コスタリカ、コロンビア、スリナム、チリ、ニカラグア、パナマ、パラグアイ、ブラジル、ベネズエラ、ベリーズ、ペルー、ボリビア、ホンジュラス、メキシコ、フランス領ギアナ、フォークランド諸島(英領)",,,,,A,,A,,,,
感染症、性病、寄生虫疾患,アフリカトリパノソーマ症,,,256,,　アフリカトリパノソーマ症の既往がある場合は不可,,,,,D,,D,,,,
感染症、性病、寄生虫疾患,バベシア症,,,257,,　バベシア症の既往がある場合は不可,,,,,D,,D,,,,
感染症、性病、寄生虫疾患,HTLVーI,,,258,,　陽性は不可,,,,,D,,D,,,,
感染症、性病、寄生虫疾患,HTLVーI,,,259,,　陽性は不可,　ただし、確認検査時陰性で、術前健診時陽性の場合は、ウエスタンブロット検査もしくはPCR検査等を実施する。検査結果が陰性の時は患者主治医判断。,,,,B,,B,,,,
感染症、性病、寄生虫疾患,トキソプラズマ感染症,,,260,,　トキソプラズマの感染が初感染、あるいは活動性の状況であれば不可,,,,,C,,C,,,,
感染症、性病、寄生虫疾患,りんご病等,,,261,,　採取予定日の1ヵ月 以内に家族にりんご病(伝染性紅斑)、単純ヘルペス、水痘、麻疹等を発症した場合は要検討,,,,,B,,B,,,,
感染症、性病、寄生虫疾患,りんご病等,,,262,,　感染し発症した場合には、治癒後6ヵ月間を経過すれば可,,,,,A,,A,,,,
感染症、性病、寄生虫疾患,ウイルス性皮膚疾患等,,,263,,　帯状疱疹については、治癒後3週間を経過すれば可,,,,,A,,A,,,,
感染症、性病、寄生虫疾患,ウイルス性皮膚疾患等,,,264,,　皮疹が治癒してもヘルペス神経炎のような合併症の症状が残っている間はウイルスが血中に存在する可能性があるので不可,,,,,C,,C,,,,
感染症、性病、寄生虫疾患,ウイルス性皮膚疾患等,,,265,,　単純疱疹やアフタ性口内炎については治癒していれば可 ,,,,,A,,A,,,,
感染症、性病、寄生虫疾患,ウイルス性皮膚疾患等,,,266,,　ウイルス性疣贅については、採取部位に病変がなければ可,,,,,A,,A,,,,
感染症、性病、寄生虫疾患,予防接種,,,267,,　予防接種 ※基準日は自己血採血日および G-CSF 投与初日もしくは 採取日,,,,,,,,,,,
感染症、性病、寄生虫疾患,予防接種,,,268,,　予防接種 ※基準日は自己血採血日および G-CSF 投与初日もしくは 採取日,"　以下 、 接種後 2日 以内は不可(不活化ワクチン及びトキソイド)
　・インフルエンザワクチン
　・日本脳炎ワクチン
　・A型肝炎ワクチン
　・B型肝炎ワクチン
　・狂犬病ワクチン
　・コレラワクチン
　・肺炎球菌ワクチン
　・百日咳ワクチン
　・ワイル病秋やみ混合ワクチン
　・破傷風トキソイド
　・ジフテリアトキソイド
　・子宮頸がんワクチン",,,,B,,B,,,,
感染症、性病、寄生虫疾患,予防接種,,,269,,　予防接種 ※基準日は自己血採血日および G-CSF 投与初日もしくは 採取日,"　以下 、 接種後4週間以内は不可(弱毒生ワクチン)
　・黄熱病ワクチン
　・ポリオワクチン
　・麻疹ワクチン
　・おたふくかぜワクチン
　・風疹ワクチン
　・水痘ワクチン
　・BCGワクチン
　・腸パラチフスワクチン",,,,B,,B,,,,
感染症、性病、寄生虫疾患,予防接種,,,270,,　予防接種 ※基準日は自己血採血日および G-CSF 投与初日もしくは 採取日,"　以下、 接種後3ヵ月以内は不可(抗血清)
　・破傷風
　・蛇毒(まむし、はぶ)
　・ジフテリア
　・ガス壊疽
　・ボツリヌスの抗血清(抗毒素)
　ただし、抗毒素を投与されて発病した場合は、治癒後3ヵ月間は不可",,,,B,,B,,,,
感染症、性病、寄生虫疾患,予防接種,,,271,,　予防接種 ※基準日は自己血採血日および G-CSF 投与初日もしくは 採取日,"　■ツベルクリン反応
　48時間以内は不可
　反応が陽性の場合は、延期し主治医の判断を待つ。陰性の場合は可",,,,B,,B,,,,
感染症、性病、寄生虫疾患,予防接種,,,272,,　予防接種 ※基準日は自己血採血日および G-CSF 投与初日もしくは 採取日,"　■天然痘
　天然痘ワクチン接種後は2ヵ月間不可
　なお、2ヵ月以内に副反応を呈した場合は、治癒後2週間は不可",,,,B,,B,,,,
感染症、性病、寄生虫疾患,予防接種,,,273,,　予防接種 ※基準日は自己血採血日および G-CSF 投与初日もしくは 採取日,"　天然痘ワクチン接種者に接触し、皮膚病変を生じたとの申告があった場合、接触後2ヵ月間は不可
　なお、 2ヵ月以内に副反応を呈した場合 、治癒後2週間は不可",,,,B,,B,,,,
感染症、性病、寄生虫疾患,予防接種,,,274,,　予防接種 ※基準日は自己血採血日および G-CSF 投与初日もしくは 採取日,"　抗HBsヒト免疫グロブリンは、1年間不可
　B型肝炎ワクチンと抗HBsヒト免疫グロブリンを併用したときは、1年以上経過していること
　動物に噛まれたあと、狂犬病ワクチンを接種したときは1年以上経過していること",,,,C,,C,,,,
感染症、性病、寄生虫疾患,その他,,,275,,(1)ピアス,,,,,,,,,,,
感染症、性病、寄生虫疾患,その他,,,276,,(1)ピアス,"　以下、可
　・他人と器具を共用せずにあけた場合は、実施1ヵ月後に局所の炎症がなく、細菌等の感染の危険性がない場合は可
　・確認検査は、ピアス(粘膜以外)を実施してから、1ヵ月を経過すれば可
　・口唇、口腔、鼻腔など粘膜を貫通したピアスを外してから、 1 年以上経過した場合は可",,,,A,,A,,,,
感染症、性病、寄生虫疾患,その他,,,277,,(1)ピアス,"　以下、患者主治医判断
　・ 1 年以内に他人と器具を共用した場合
　・実施1ヵ月以内に局所に炎症があった場合
　・口唇、口腔、鼻腔など、粘膜を貫通してピアスを挿入している場合
　・粘膜を貫通していたピアスを外してから 1 年以内の場合",,,,B,,B,,,,
感染症、性病、寄生虫疾患,その他,,,278,,"(2)いれずみ(刺青)
　1年以内にいれずみ(アートメイクを含む)をした場合は、患者主治医判断",,,,,B,,B,,,,
感染症、性病、寄生虫疾患,その他,,,279,,(3)針刺し事故,,,,,,,,,,,
感染症、性病、寄生虫疾患,その他,,,280,,(3)針刺し事故,　①使用済みの注射針などを誤って自分に刺した場合は、感染の可能性があるので1年間は不可,,,,C,,C,,,,
感染症、性病、寄生虫疾患,その他,,,281,,(3)針刺し事故　①使用済みの注射針などを誤って自分に刺した場合は、感染の可能性があるので2年間は不可,　ただし、然るべき検査にて感染が否定されていれば可,,,,A,,A,,,,
感染症、性病、寄生虫疾患,その他,,,282,,(3)針刺し事故,　②動物の血液で汚染された針などを誤って刺した場合は3ヵ月 以上経過すれば可,,,,A,,A,,,,
感染症、性病、寄生虫疾患,その他,,,283,,(4)肝炎ウイルス保有者との性的接触等親密な接触,,,,,,,,,,,
感染症、性病、寄生虫疾患,その他,,,284,,(4)肝炎ウイルス保有者との性的接触等親密な接触,　①配偶者がキャリア(肝炎ウイルス保有者)で、結婚後1年以上経った場合は可,,,,A,,A,,,,
感染症、性病、寄生虫疾患,その他,,,285,,(4)肝炎ウイルス保有者との性的接触等親密な接触,　②配偶者が慢性B型肝炎と診断を受けている場合、ワクチン接種による抗体陽転者であれば可,,,,A,,A,,,,
感染症、性病、寄生虫疾患,その他,,,286,,(4)肝炎ウイルス保有者との性的接触等親密な接触　②配偶者が慢性B型肝炎と診断を受けている場合、ワクチン接種による抗体陽転者であれば可,　ただし、抗 HBsヒト免疫グロブリンを併用した場合は1年間不可,,,,C,,C,,,,
感染症、性病、寄生虫疾患,その他,,,287,,(4)肝炎ウイルス保有者との性的接触等親密な接触,　③配偶者がC型肝炎と診断されたことがあっても可,,,,A,,A,,,,
感染症、性病、寄生虫疾患,その他,,,288,,"(5)鍼治療
鍼治療の申告があった場合は、以下の基準に従って判断する　",,,,,,,,,,,
感染症、性病、寄生虫疾患,その他,,,289,,"(5)鍼治療
鍼治療の申告があった場合は、以下の基準に従って判断する　","　①鍼灸治療における感染防止の指針 鍼灸治療における安全性ガイドライン委員会編 に従って実施され、以下 A. ～C. のいずれかに該当すれば可
　a. ディスポーザブルの針を使用していること
　b. ディスポーザブルの針ではないがオートクレーブで滅菌されたものを使用していること
　c. 本人専用のものを使用していること",,,,A,,A,,,,
感染症、性病、寄生虫疾患,その他,,,290,,"(5)鍼治療
鍼治療の申告があった場合は、以下の基準に従って判断する　",② ①に該当しない場合は、治療中止後1年間は不可,,,,C,,C,,,,
感染症、性病、寄生虫疾患,その他,,,291,,"(6)脱毛
　レーザー脱毛は、進行可",,,,,A,,A,,,,
リウマチ性疾患、アレルギー性疾患,アレルギー,,,292,,　軽度の食物アレルギー、蕁麻疹、湿疹等は可,,,,,A,,A,,,,
リウマチ性疾患、アレルギー性疾患,アレルギー,,,293,,　慢性蕁麻疹で未治療の場合は、要検討,,,,,B,,B,,,,
リウマチ性疾患、アレルギー性疾患,アレルギー,,,294,,　薬物または食物に対するアレルギーで、治療を受けているような症状のある場合は不可,,,,,C,,C,,,,
リウマチ性疾患、アレルギー性疾患,アレルギー,,,295,,　花粉症による症状があり、採取時に服薬中止ができない場合は不可,,,,,C,,C,,,,
リウマチ性疾患、アレルギー性疾患,アレルギー,,,296,,　花粉症の治療で1年以内の気管支拡張剤・吸入薬の使用、ステロイド剤の服用は不可(注射含む),,,,,C,,C,,,,
リウマチ性疾患、アレルギー性疾患,アレルギー,,,297,,　花粉症の治療で一時的にステロイド含有点眼、点鼻薬の使用は可,,,,,A,,A,,,,
リウマチ性疾患、アレルギー性疾患,アレルギー,,,298,,　過去に薬物アレルギー(ペニシリン等)、食物アレルギーにより、アナフィラキシーショックのような重篤な症状(呼吸困難及び意識障害)を起こしたことのある人は不可,,,,,D,,D,,,,
リウマチ性疾患、アレルギー性疾患,アレルギー,,,299,,　ラテックスアレルギーがある場合は、個々の程度により採取可否を判断する,,,,,B,,B,,,,
リウマチ性疾患、アレルギー性疾患,アトピー性疾患,,,300,,　治療終了後、再燃がなく 1 年経過すれば可,,,,,A,,A,,,,
リウマチ性疾患、アレルギー性疾患,アトピー性疾患,,,301,,　未治療は要検討,,,,,B,,B,,,,
リウマチ性疾患、アレルギー性疾患,アトピー性疾患,,,302,,"ステロイド剤塗布などの治療中は治療期間、部位等により判断
(主なステロイド剤塗布薬)
　・デルモベート(プロピオン酸クロベタゾール)
　・ジフラール(酢酸ジフロラゾン)
　・ネリゾナ(吉草酸ジフルコルトロン)
　・トプシム(フルオシノニド)
　・パンデル(酪酸プロピオン酸ヒドロコルチゾン)
　・リンデロン DP (ジプロピオン酸ベタメタゾン)
　・マイザー(ジフルプレドナート、ジフルプレドナート)
　・リンデロンV( 0.06 ％)(吉草酸ベタメタゾン)
　・リンデロンV( 0.12 ％)(吉草酸ベタメタゾン)
　・ベトネベート(吉草酸ベタメタゾン)
　・フルコート(フルオキシノロンアセトニド)
　・プロパデルム(プロピオン酸ベクロメタゾン)
　・リドメックスコーワ(吉草酸酢酸プレドニゾロン) など",,,,,B,,B,,,,
リウマチ性疾患、アレルギー性疾患,アトピー性疾患,,,303,,　皮膚症状顕著なものについては不可,,,,,C,,C,,,,
リウマチ性疾患、アレルギー性疾患,アトピー性疾患,,,304,,　タクロリムス製剤(プロトピック軟膏)を使用している場合、治療終了後 1 年間は不可,,,,,C,,C,,,,
リウマチ性疾患、アレルギー性疾患,自己免疫性疾患,,,305,,"　以下、不可(既往歴含む)
【主な自己免疫疾患】
　・インスリン受容体異常症
　・グッドパスチャー症候群
　・ バセドウ 病 グレーブス病
　・全身性血管炎
　・混合性結合組織病
　・糸球体腎炎
　・自己免疫性溶血性貧血
　・自己免疫性血小板減少性紫斑病
　・重症筋無力症
　・シェーグレン症候群
　・全身性エリテマトーデス(SLE)
　・進行性全身性硬化症
　・抗リン脂質抗体症候群
　・多発性筋炎
　・天疱瘡
　・特発性アジソン病
　・白斑
　・橋本病(慢性甲状腺炎)
　・慢性活動性肝炎
　　　　　　　　　　　　　　　など",,,,,D,,D,,,,
リウマチ性疾患、アレルギー性疾患,膠原病,,,306,,"　以下、不可(既往歴含む)
　【膠原病に含まれる疾患】
　・関節リウマチ(RA)
　・全身性エリテマトーデス(SLE)
　・強皮症(PSS)
　・多発性筋炎、皮膚筋炎(PM、DM)
　・結筋性多発動脈炎(RM)　　 など
【膠原病類縁疾病】
　・混合性結合組織病
　・好酸球性筋膜炎
　・成人スティル病
　・シェーグレン症候群
　・ベーチェット病
　・強直性脊椎炎
　・Reiter 症候群
　・Weber-Christian 病
　・乾癬性関節炎
　・川崎病　　　　　　　　　 など",,,,,D,,D,,,,
リウマチ性疾患、アレルギー性疾患,リウマチ熱,,,307,,　リウマチ熱で心臓障害の疑われる場合と、予防的にペニシリン投与を受けている人は不可。,,,,,C,,C,,,,
リウマチ性疾患、アレルギー性疾患,G-CSF 製剤,,,308,,　G-CSF 製剤(添加物)に対するアレルギーのある場合は不可,,,,,,,D,,,,
中毒、環境要因による疾患,薬物中毒等,,,309,,　薬物、化学物質などによる中毒、暴露があった場合は、6ヵ月以上を経た後に身体所見、検査所見が正常化していることが確認されているものは可,,,,,A,,A,,,,
中毒、環境要因による疾患,咬傷、刺虫傷,,,310,,　マムシ・ハブに咬まれた場合は、咬傷が完治していれば可,,,,,A,,A,,,,
中毒、環境要因による疾患,咬傷、刺虫傷,,,311,,　スズメバチ、キバチ、アシナガバチ、ミツバチなどに刺され、呼吸困難・重篤な意識障害をきたした場合は不可,,,,,D,,D,,,,
中毒、環境要因による疾患,薬物・覚醒剤中毒,,,312,,"以下 、 薬物依存の場合は不可
       <strong>依存型：</strong>薬 物
　<strong>・モルヒネ型：</strong>モルヒネ、ヘロイン、コデイン、オピアール<br>
　<strong>・アルコール・ バルビタール 型</strong><br>　　　　　：アルコール、バルビタール、各種睡眠薬・安定剤<br>
　<strong>・コカイン型：</strong>コカイン<br>
　<strong>・アンフェタミン型：</strong>アンフェタミン、メタアンフェタミン<br>
　<strong>・カンナビス型：</strong>大麻、マリファナ、ハッシシュ<br>
　<strong>・幻覚剤型：</strong>LSD 25 、サイロシビン<br>
　<strong>・有機溶剤型：</strong>トルエン、キシレン<br>
　※薬物依存は自己申告とする。",,,,,D,,D,,,,
整形外科疾患,腰椎疾患,,,313,,　腰椎の先天的な奇形などで、症状のあるものは不可,,,,,C,,B,,,,
整形外科疾患,腰椎疾患,,,314,,　骨移植で腸骨を切除している場合は不可,,,,,D,,B,,,,
整形外科疾患,腰椎疾患,,,315,,　腰痛が筋性のものであることが専門医の診断により明らかなものは可,,,,,A,,A,,,,
整形外科疾患,腰椎疾患,,,316,,"　以下、 腰椎疾患での手術歴がある場合は不可
　■ 主な疾患
　・腰椎椎間板ヘルニア
　・変性すべり症
　・分離すべり症
　・腰部脊柱管狭窄症
　ただし、PBSC H は要検討",,,,,D,,B,,,,
整形外科疾患,腰椎疾患,,,317,,　黄色靭帯骨化症は不可,,,,,D,,D,,,,
整形外科疾患,腰椎疾患,,,319,,　通院歴があった場合、5年以上無治療無症状で経過すれば可,,,,,A,,A,,,,
整形外科疾患,腰椎疾患,,,320,,　通院歴があった場合、5年以上無治療無症状で経過すれば可,"　ただし 、5年以内は要検討
　※本人申告で可",,,,B,,B,,,,
整形外科疾患,頚椎疾患,,,321,,"　以下、 頚椎疾患で手術歴がある場合は不可
　■ 主な疾患(変性疾患)
　・頚椎症
　・頚髄症
　・神経根症
　・頚椎椎間板症
　・頚部脊柱管狭窄症
　・頚椎椎間板ヘルニア
　ただし、PBSCHは要検討",,,,,D,,B,,,,
整形外科疾患,頚椎疾患,,,322,,"　以下、不可
　・黄色靭帯肥厚症
　・後縦靭帯骨化症
　・前縦靭帯骨化症",,,,,D,,D,,,,
整形外科疾患,頚椎疾患,,,323,,　通院歴があった場合、5年以上無治療無症状で経過すれば可,,,,,A,,A,,,,
整形外科疾患,頚椎疾患,,,324,,　通院歴があった場合、5年以上無治療無症状で経過すれば可,　ただし 、5年以内は要検討,,,,B,,B,,,,
整形外科疾患,脊椎疾患,,,325,,"　以下、 脊椎疾患で手術歴がある場合は不可
　■ 主な疾患
　・脊椎すべり症
　・脊椎椎間板ヘルニア
　・脊椎症
　ただし、PBSCHは要検討",,,,,D,,B,,,,
整形外科疾患,脊椎疾患,,,326,,"　以下、不可
　・後縦靭帯骨化症
　・脊柱管狭窄症
　・脊髄腫瘍
　・脊髄動静脈奇形",,,,,D,,D,,,,
整形外科疾患,脊椎疾患,,,327,,　通院歴があった場合、5年以上無治療無症状で経過すれば可,,,,,A,,A,,,,
整形外科疾患,脊椎疾患,,,328,,　通院歴があった場合、5年以上無治療無症状で経過すれば可,　ただし 、5年以内は要検討,,,,B,,B,,,,
整形外科疾患,四肢麻痺等,,,329,,　骨髄採取・末梢血幹細胞採取(4時間程度)に必要な体位をとり、保持できれば可(麻酔科医もしくは輸血医と要検討),,,,,B,,B,,,,
整形外科疾患,その他,,,330,,"　以下、過去6ヵ月以内に症状があり、通院した場合は不可
　・腰椎椎間板ヘルニア
　・腰部脊柱管狭窄症
　・変性すべり症
　・分離すべり症
　・頚椎症
　・頚髄症
　・神経根症
　・頚椎椎間板症
　・頚部脊柱管狭窄症(手術歴無)
　・頚椎椎間板ヘルニア
　・脊椎椎間板ヘルニア
　・急性腰痛症(ぎっくり腰)",,,,,C,,C,,,,
整形外科疾患,その他,,,331,,"　以下、不可
　・変形性股関節症
　ただし、PBSCHは要検討",,,,,D,,B,,,,
整形外科疾患,その他,,,332,,"　以下、不可
　・特発性大腿骨頭壊死症
　・特発性ステロイド性骨壊死症",,,,,D,,D,,,,
整形外科疾患,その他,,,333,,"　以下、症状のあるものは不可
　■腕神経部障害
　・腕神経叢麻痺
　・胸郭出口症候群(Thoracic outlet syndrome：腕神経叢、鎖骨下動静脈)<br><br>
　■肩部疾患 変性疾患
　・肩関節周囲炎
　・上腕二頭筋長頭腱炎
　・石灰沈着性腱板炎
　・肩峰下滑液包炎など<br><br>
　■上肢部疾患(上腕、肘、前腕、手指)
　・末梢神経損傷(尺骨、橈骨、正中神経)
　・変形性関節症
　・腱鞘炎
　・上腕骨外側上顆炎
　・ Entrapment neuropathy (肘部管症候群、手根管症候群など)
　・遅発性尺骨神経麻痺",,,,,C,,C,,,,
婦人科疾患,子宮筋腫、卵巣嚢腫、子宮内膜症,,,334,,　治療の予定が無く、経過観察中のものは可,,,,,A,,A,,,,
婦人科疾患,子宮頸部、円錐切除,,,335,,"　子宮頸部円錐切除術を施行した場合は、不可
　レーザー蒸散術を含む",,,,,D,,D,,,,
婦人科疾患,子宮異形成上皮,,,336,,"　以下、いずれかに該当する場合は不可
　・高度異形成上皮　クラスⅢb 以上
　・CIN 分類　高度異形成上皮 3 以上
　・ベセスダ分類　
　　ASC-H、 HSIL 、 SCC 、 AGC 、 AIS 、 Adenocarcinoma",,,,,D,,D,,,,
婦人科疾患,子宮異形成上皮,,,337,,　ベセスダ分類　LSIL 、 ASC-US,,,,,C,,C,,,,
婦人科疾患,子宮異形成上皮,,,338,,　ベセスダ分類　LSIL 、 ASC-US,"　ただし、以下いずれかに該当する場合は可
　精密検査(組織診)の結果により
　「異常なし」「軽度異形成上皮」 「中等度異形成上皮」の場合",,,,A,,A,,,,
婦人科疾患,避妊薬,,,339,,"　ピル服用中は可
　ただし、 採取前4週間は服薬中止ができない場合は、不可",,,,,B,,B,,,,
婦人科疾患,避妊薬,,,340,,　ミレーナ使用中は可,,,,,A,,A,,,,
婦人科疾患,妊娠,,,341,,　妊娠中は不可,,,,,C,,C,,,,
婦人科疾患,妊娠,,,342,,　妊娠検査については、同意確認の上原則実施し、陽性の場合は不可,,,,,C,,C,,,,
婦人科疾患,出産,,,343,,　出産後1年を経過していれば可,,,,,A,,A,,,,
婦人科疾患,出産,,,344,,　出産後1年を経過していれば可,　ただし、授乳中は不可,,,,C,,C,,,,
婦人科疾患,出産,,,345,,　早流産及び中絶後の場合は、6ヵ月を経過していれば可,,,,,A,,A,,,,
婦人科疾患,羊水塞栓症,,,346,,　既往は不可,,,,,D,,D,,,,
婦人科疾患,その他,,,347,,"　以下、治癒していれば可
　・子宮膣部糜爛
　・非特異性膣炎
　・外陰炎
　・外陰掻痒症
　・カンジダ膣炎",,,,,A,,A,,,,
精神科疾患,精神疾患、精神障害,,,348,,　医師の判断により治療を終了(服薬中止)後、再燃症状等を繰り返している場合は不可,,,,,D,,D,,,,
精神科疾患,精神疾患、精神障害,,,349,,　医師の判断により治療を終了(服薬中止)後10年間は不可,,,,,C,,C,,,,
精神科疾患,精神疾患、精神障害,,,350,,　医師の判断により治療を終了(服薬中止)後、10年以上経過している,,,,,B,,B,,,,
精神科疾患,精神疾患、精神障害,,,351,,"　以下、通院中または服薬中のものは不可
　■中毒性精神疾患
　アルコール依存
　急性薬物依存
　アルコール精神病
　アルコール離脱症候群 (振戦せん妄)",,,,,C,,C,,,,
精神科疾患,精神疾患、精神障害,,,352,,"　以下、通院中または服薬中のものは不可
　■統合失調症、統合失調型障害および妄想性障害
　統合失調症
　妄想性障害
　非定型精神病(分裂感情病)
　神経衰弱状態",,,,,C,,C,,,,
精神科疾患,精神障害,,,353,,"　■気分(感情障害)
　・躁うつ病
　・躁病
　・うつ病
　・躁状態
　・うつ状態",,,,,C,,C,,,,
精神科疾患,精神障害,,,354,,"　■神経症性障害、ストレス関連疾患、身体表現性疾患
　・パニック障害
　・強迫性障害
　・ストレス反応(心因反応)
　・適応障害
　・解離性(転換性)障害
　・身体表現性障害",,,,,C,,C,,,,
精神科疾患,精神障害,,,355,,"　■生理的障害および身体的要因に関連した行動症候群
　・摂食障害",,,,,C,,C,,,,
精神科疾患,精神障害,,,356,,"　■人格障害
　・人格障害
　・境界性人格障害",,,,,C,,C,,,,
精神科疾患,精神障害,,,357,,"　■精神遅滞
　・精神遅滞",,,,,C,,C,,,,
精神科疾患,精神障害,,,358,,"　■睡眠障害
　・過眠症(ナルコレプシーを含む)",,,,,C,,C,,,,
精神科疾患,てんかん,,,359,,"　以下、過去にてんかんの既往があるものは不可
　■てんかん
　・てんかん
　・てんかん精神病
　・てんかん性不機嫌症                                など",,,,,D,,D,,,,
精神科疾患,カウンセリング,,,360,,　服薬治療が終了していても、カウンセラーによるカウンセリングを実施している場合は治療中とみなし不可,,,,,C,,C,,,,
精神科疾患,カウンセリング,,,361,,　服薬治療が終了していても、カウンセラーによるカウンセリングを実施している場合は治療中とみなし不可,　ただし、精神科の受診歴や服薬歴がなくカウンセリングを受けている場合は要検討,,,,B,,B,,,,
耳鼻科疾患,中耳、内耳疾患,,,362,,"　治癒しているものは可とするが、その旨を担当麻酔科医に申し送る。
　■主な中耳疾患
　・鼓膜穿孔
　・耳小骨連鎖離断
　・鼓室硬化症
　・中耳奇形
　・耳硬化症
　・中耳腫瘍
　・耳管狭窄症
　・急性中耳炎
　・慢性中耳炎
　・滲出性中耳炎
　・航空性中耳炎
　・真珠腫性中耳炎
　・耳管開放症
　　　　　　　　　　など",,,,,A,,A,,,,
耳鼻科疾患,中耳、内耳疾患,,,363,,"　■主な内耳疾患
　・メニエール病
　・音響外傷
　・騒音性難聴
　・老人性難聴
　・外リンパ漏
　・内耳炎
　・耳毒性薬物による難聴
　・ 内耳梅毒
　　　　　　　　　　　　など",,,,,A,,A,,,,
耳鼻科疾患,突発性難聴,,,364,,"　■突発性難聴
　・低音障害型突発難聴
　・急性低音障害型感音難聴
　・ステロイド依存性感音難聴",,,,,A,,A,,,,
耳鼻科疾患,先天性難聴,,,365,,　難聴の原因が遺伝性の場合は不可だが、否定されている場合は要検討,,,,,B,,B,,,,
耳鼻科疾患,顎関節症,,,366,,　顎関節症で開口制限が強度のものは不可、程度については医師判断,,,,,B,,B,,,,
耳鼻科疾患,その他,,,367,,"　以下、治癒していれば可
　・急性鼻炎
　・急性副鼻腔炎",,,,,A,,A,,,,
皮膚科疾患,乾癬,,,368,,　自己免疫疾患について示唆されている疾患がある場合は不可,,,,,D,,D,,,,
皮膚科疾患,乾癬,,,369,,"　以下、不可(既往歴含む)
　・尋常性乾癬
　・乾癬性紅皮症
　・膿疱性乾癬
　・関節症性乾癬
　・滴状乾癬
　・水疱性類天疱瘡
　・疱疹状皮膚炎
　・線状 IgA 水疱性皮膚症
　・妊娠性疱疹
　・後天性表皮水疱症",,,,,D,,D,,,,
皮膚科疾患,天疱瘡,,,370,,"　以下、不可(既往歴含む)
　・尋常性天疱瘡
　・落葉状天疱瘡",,,,,D,,D,,,,
皮膚科疾患,白斑,,,371,,"　以下、不可(既往歴含む)
　・尋常性白斑",,,,,D,,D,,,,
皮膚科疾患,その他,,,372,,"　以下、治癒するまで不可
　・ 採取部位に皮膚疾患のある場合
　・ 化膿性皮膚疾患や急性炎症性皮膚疾患のある場合
　・ 皮膚の創傷、熱傷などがある場合",,,,,C,,C,,,,
眼科疾患,緑内障,,,373,,　緑内障と診断された場合は不可,,,,,D,,D,,,,
眼科疾患,緑内障,,,374,,"　以下、不可
　・慢性原発閉塞偶角緑内障
　・急性原発閉塞偶角緑内障
　・原発開放偶角緑内障(単性緑内障)
　・外傷性緑内障",,,,,D,,D,,,,
眼科疾患,白内障,,,375,,"　以下、不可
　・先天白内障",,,,,D,,D,,,,
眼科疾患,白内障,,,376,,"　以下、治療が終了していれば可
　・後発白内障
　・外傷性白内障",,,,,A,,A,,,,
眼科疾患,白内障,,,377,,　糖尿病性白内障は原疾患を考慮した上で要検討,,,,,B,,B,,,,
眼科疾患,角膜疾患,,,378,,"　以下、治癒していれば可
　・糜爛性表層角膜炎
　・匍行性角膜潰瘍
　・翼状片",,,,,A,,A,,,,
眼科疾患,角膜疾患,,,379,,　進行性の円錐角膜は、不可,,,,,D,,A,,,,
眼科疾患,眼底疾患,,,380,,"　以下、不可(既往を含む)
　・色素失調症 (Bloch-Sulzberger 症候群)
　・朝顔症候群
　・第一次硝子体過形成遺残(PHPV)
　・網膜色素変性
　・ Stargardt 病
　・若年網膜分離症
　・家族性滲出性硝子体網膜症
　・Norrie 病
　・Stickler 症候群",,,,,D,,D,,,,
眼科疾患,眼底異常,,,381,,"　以下、不可(既往を含む)
　・網膜動脈閉塞症
　・糖尿病性網膜症
　・増殖型糖尿病性網膜症",,,,,D,,D,,,,
眼科疾患,眼底異常,,,382,,"　以下、不可(既往を含む)
　・網膜動脈閉塞症
　・糖尿病性網膜症
　・増殖型糖尿病性網膜症",　ただし、網膜剥離は外傷性であれば可,,,,A,,A,,,,
眼科疾患,眼底異常,,,383,,"　以下、不可(既往を含む)
　・網膜動脈閉塞症
　・糖尿病性網膜症
　・増殖型糖尿病性網膜症　ただし、網膜剥離は外傷性であれば可",　それ以外は、原疾患を考慮した上で要検討,,,,B,,B,,,,
眼科疾患,飛蚊症（ひぶんしょう）,,,384,,　治癒していれば可,,,,,A,,A,,,,
眼科疾患,外眼筋麻痺,,,385,,"　以下、不可
　・外眼筋麻痺",,,,,D,,D,,,,
眼科疾患,眼振,,,386,,"　以下、不可
　・先天眼振(眼球振盪)",,,,,D,,D,,,,
眼科疾患,色覚異常,,,387,,"　以下、可
　・色覚異常",,,,,A,,A,,,,
眼科疾患,夜盲,,,388,,"　以下、可
　・先天性夜盲",,,,,A,,A,,,,
眼科疾患,その他,,,389,,　診断名がない場合であっても、眼圧異常を指摘されている場合は、然るべき医療機関で受診し異常がなければ可,,,,,B,,B,,,,
眼科疾患,その他,,,390,,　先天性あるいは後天性の高度視覚低下がある場合は要検討,,,,,B,,B,,,,
歯科疾患,歯列矯正、歯科治療,,,391,,"　出血を伴わない歯列矯正、充填等の歯科治療の場合は可
　歯科治療に伴う薬物使用にも注意して判断する
　■ 主な歯科疾患
　・口内炎
　・口腔粘膜疾患
　・歯肉炎
　・歯軋り
　・知覚過敏
　・智歯周囲炎(おやしらず)
　・歯牙欠損(ブリッジや入れ歯の適応症)
　ただし 、気管内挿管時、矯正器具をはずす必要性の有無を確認すること。",,,,,B,,B,,,,
歯科疾患,歯列矯正、歯科治療,,,392,,"　抜歯や歯石除去など出血を伴う歯科治療は、3日経過していれば可
　ただし 、薬物使用中は不可",,,,,B,,B,,,,
臓器移植・提供,臓器移植,,,393,,　過去に同種臓器移植及び同種組織移植を受けた場合は不可,,,,,D,,D,,,,
臓器移植・提供,臓器移植,,,394,,　異種移植を受けた場合も不可(例：ブタ皮膚),,,,,D,,D,,,,
臓器移植・提供,臓器移植,,,395,,　角膜移植については、プリオン病伝播(CJD 等)の報告があるので不可,,,,,D,,D,,,,
臓器移植・提供,臓器提供,,,396,,　腎臓提供や肝臓(一部)提供した場合は不可,,,,,D,,D,,,,
臓器移植・提供,その他,,,397,,　細胞治療、遺伝子治療や習慣性流産の治療のためのリンパ球輸注療法等を受けた場合は不可,,,,,D,,D,,,,
美容法・健康法・アンチエイジング療法,美容法・健康法・アンチエイジング療法,,,398,,　プラセンタ埋没療法(組織療法)は不可,,,,,D,,D,,,,
美容法・健康法・アンチエイジング療法,美容法・健康法・アンチエイジング療法,,,399,,"　以下、終了後一定期間は不可
　・ノーニードルメソセラピー(脂肪溶解)、脂肪吸引(ボディー)：終了後 1ヵ月 以内は不可
　・血液バイオフォトセラピー(紫外線C波血液照射療法)：終了後 1ヵ月 以内は不可
　・レーザー治療(シミ、ソバカス、ホクロ、アザ、太田母斑、赤ら顔、血管腫等、 アートメイク除去、イボ、角化症)：終了後 1 週間は不可",,,,,C,,C,,,,
美容法・健康法・アンチエイジング療法,豊胸手術,,,400,,　豊胸手術歴があるものは要検討,,,,,B,,B,,,,
その他,その他,,,401,,　全身麻酔下で手術をした場合、6ヵ月以内の骨髄採取は不可,,,,,C,,,,,,
その他,その他,,,402,,　6ヵ月以内に、開胸・開腹・開頭を要するような大手術を受けた人及び開放骨折をした場合は不可,,,,,C,,C,,,,
その他,その他,,,403,,　頭部外傷は、後遺症がなく、抗けいれん薬等を服用していなければ可,,,,,A,,A,,,,
その他,その他,,,404,,　単純骨折、鼠径ヘルニア、痔核、虫垂炎又は扁桃切除の手術、内視鏡下の手術(胆嚢摘出等の定型的腹腔鏡手術を含む)等を受けた場合は、経過が順調で手術による合併症もなく治癒していれば可。ただし、早期の癌を内視鏡下に切除する場合もあるので、原疾患に注意する。,,,,,B,,B,,,,
その他,その他,,,405,,　人工関節や髄内釘等の人工物をいれている人は、術後6ヵ月 以上経過し、局所症状がなければ可。また、人工物除去、抜釘術後は経過が順調で合併症もなく治癒していれば可。,,,,,A,,A,,,,
その他,その他,,,406,,　ペット等の動物に噛まれた場合は、傷が治癒してから3ヵ月間を経過すれば可,,,,,A,,A,,,,
その他,その他,,,407,,　ペット等の動物に噛まれた場合は、傷が治癒してから3ヵ月間を経過すれば可,　ただし 、術前健診後噛まれた場合は、患者主治医判断,,,,B,,B,,,,
その他,その他,,,408,,　不明熱の既往がある場合は不可(診断名がついていない),,,,,D,,D,,,,
その他,レーザー治療全般,,,409,,　原疾患と治療経過を確認した上で判断とする,,,,,B,,B,,,,
